[{"name": "강릉시", "city": "강원특별자치도", "district": "강릉시"}, {"name": "강원특별자치도", "city": "강원특별자치도", "district": "강원특별자치도"}, {"name": "고성군", "city": "강원특별자치도", "district": "고성군"}, {"name": "동해시", "city": "강원특별자치도", "district": "동해시"}, {"name": "삼척시", "city": "강원특별자치도", "district": "삼척시"}, {"name": "속초시", "city": "강원특별자치도", "district": "속초시"}, {"name": "양구군", "city": "강원특별자치도", "district": "양구군"}, {"name": "양양군", "city": "강원특별자치도", "district": "양양군"}, {"name": "영월군", "city": "강원특별자치도", "district": "영월군"}, {"name": "원주시", "city": "강원특별자치도", "district": "원주시"}, {"name": "인제군", "city": "강원특별자치도", "district": "인제군"}, {"name": "정선군", "city": "강원특별자치도", "district": "정선군"}, {"name": "철원군", "city": "강원특별자치도", "district": "철원군"}, {"name": "춘천시", "city": "강원특별자치도", "district": "춘천시"}, {"name": "태백시", "city": "강원특별자치도", "district": "태백시"}, {"name": "평창군", "city": "강원특별자치도", "district": "평창군"}, {"name": "홍천군", "city": "강원특별자치도", "district": "홍천군"}, {"name": "화천군", "city": "강원특별자치도", "district": "화천군"}, {"name": "횡성군", "city": "강원특별자치도", "district": "횡성군"}, {"name": "가평군", "city": "경기도", "district": "가평군"}, {"name": "경기도", "city": "경기도", "district": "경기도"}, {"name": "고양시", "city": "경기도", "district": "고양시"}, {"name": "고양시 덕양구", "city": "경기도", "district": "고양시 덕양구"}, {"name": "고양시 일산동구", "city": "경기도", "district": "고양시 일산동구"}, {"name": "고양시 일산서구", "city": "경기도", "district": "고양시 일산서구"}, {"name": "과천시", "city": "경기도", "district": "과천시"}, {"name": "광명시", "city": "경기도", "district": "광명시"}, {"name": "광주시", "city": "경기도", "district": "광주시"}, {"name": "구리시", "city": "경기도", "district": "구리시"}, {"name": "군포시", "city": "경기도", "district": "군포시"}, {"name": "김포시", "city": "경기도", "district": "김포시"}, {"name": "남양주시", "city": "경기도", "district": "남양주시"}, {"name": "동두천시", "city": "경기도", "district": "동두천시"}, {"name": "부천시", "city": "경기도", "district": "부천시"}, {"name": "부천시 소사구", "city": "경기도", "district": "부천시 소사구"}, {"name": "부천시 오정구", "city": "경기도", "district": "부천시 오정구"}, {"name": "부천시 원미구", "city": "경기도", "district": "부천시 원미구"}, {"name": "성남시", "city": "경기도", "district": "성남시"}, {"name": "성남시 분당구", "city": "경기도", "district": "성남시 분당구"}, {"name": "성남시 수정구", "city": "경기도", "district": "성남시 수정구"}, {"name": "성남시 중원구", "city": "경기도", "district": "성남시 중원구"}, {"name": "수원시", "city": "경기도", "district": "수원시"}, {"name": "수원시 권선구", "city": "경기도", "district": "수원시 권선구"}, {"name": "수원시 영통구", "city": "경기도", "district": "수원시 영통구"}, {"name": "수원시 장안구", "city": "경기도", "district": "수원시 장안구"}, {"name": "수원시 팔달구", "city": "경기도", "district": "수원시 팔달구"}, {"name": "시흥시", "city": "경기도", "district": "시흥시"}, {"name": "안산시", "city": "경기도", "district": "안산시"}, {"name": "안산시 단원구", "city": "경기도", "district": "안산시 단원구"}, {"name": "안산시 상록구", "city": "경기도", "district": "안산시 상록구"}, {"name": "안성시", "city": "경기도", "district": "안성시"}, {"name": "안양시", "city": "경기도", "district": "안양시"}, {"name": "안양시 동안구", "city": "경기도", "district": "안양시 동안구"}, {"name": "안양시 만안구", "city": "경기도", "district": "안양시 만안구"}, {"name": "양주시", "city": "경기도", "district": "양주시"}, {"name": "양평군", "city": "경기도", "district": "양평군"}, {"name": "여주시", "city": "경기도", "district": "여주시"}, {"name": "연천군", "city": "경기도", "district": "연천군"}, {"name": "오산시", "city": "경기도", "district": "오산시"}, {"name": "용인시", "city": "경기도", "district": "용인시"}, {"name": "용인시 기흥구", "city": "경기도", "district": "용인시 기흥구"}, {"name": "용인시 수지구", "city": "경기도", "district": "용인시 수지구"}, {"name": "용인시 처인구", "city": "경기도", "district": "용인시 처인구"}, {"name": "의왕시", "city": "경기도", "district": "의왕시"}, {"name": "의정부시", "city": "경기도", "district": "의정부시"}, {"name": "이천시", "city": "경기도", "district": "이천시"}, {"name": "파주시", "city": "경기도", "district": "파주시"}, {"name": "평택시", "city": "경기도", "district": "평택시"}, {"name": "포천시", "city": "경기도", "district": "포천시"}, {"name": "하남시", "city": "경기도", "district": "하남시"}, {"name": "화성시", "city": "경기도", "district": "화성시"}, {"name": "거제시", "city": "경상남도", "district": "거제시"}, {"name": "거창군", "city": "경상남도", "district": "거창군"}, {"name": "경상남도", "city": "경상남도", "district": "경상남도"}, {"name": "고성군", "city": "경상남도", "district": "고성군"}, {"name": "김해시", "city": "경상남도", "district": "김해시"}, {"name": "남해군", "city": "경상남도", "district": "남해군"}, {"name": "밀양시", "city": "경상남도", "district": "밀양시"}, {"name": "사천남양출장", "city": "경상남도", "district": "사천남양출장"}, {"name": "사천시", "city": "경상남도", "district": "사천시"}, {"name": "산청군", "city": "경상남도", "district": "산청군"}, {"name": "양산시", "city": "경상남도", "district": "양산시"}, {"name": "의령군", "city": "경상남도", "district": "의령군"}, {"name": "진주시", "city": "경상남도", "district": "진주시"}, {"name": "창녕군", "city": "경상남도", "district": "창녕군"}, {"name": "창원시", "city": "경상남도", "district": "창원시"}, {"name": "창원시 마산합포구", "city": "경상남도", "district": "창원시 마산합포구"}, {"name": "창원시 마산회원구", "city": "경상남도", "district": "창원시 마산회원구"}, {"name": "창원시 성산구", "city": "경상남도", "district": "창원시 성산구"}, {"name": "창원시 의창구", "city": "경상남도", "district": "창원시 의창구"}, {"name": "창원시 진해구", "city": "경상남도", "district": "창원시 진해구"}, {"name": "통영시", "city": "경상남도", "district": "통영시"}, {"name": "하동군", "city": "경상남도", "district": "하동군"}, {"name": "함안군", "city": "경상남도", "district": "함안군"}, {"name": "함양군", "city": "경상남도", "district": "함양군"}, {"name": "합천군", "city": "경상남도", "district": "합천군"}, {"name": "경산시", "city": "경상북도", "district": "경산시"}, {"name": "경상북도", "city": "경상북도", "district": "경상북도"}, {"name": "경주시", "city": "경상북도", "district": "경주시"}, {"name": "고령군", "city": "경상북도", "district": "고령군"}, {"name": "구미시", "city": "경상북도", "district": "구미시"}, {"name": "김천시", "city": "경상북도", "district": "김천시"}, {"name": "문경시", "city": "경상북도", "district": "문경시"}, {"name": "봉화군", "city": "경상북도", "district": "봉화군"}, {"name": "상주시", "city": "경상북도", "district": "상주시"}, {"name": "성주군", "city": "경상북도", "district": "성주군"}, {"name": "안동시", "city": "경상북도", "district": "안동시"}, {"name": "영덕군", "city": "경상북도", "district": "영덕군"}, {"name": "영양군", "city": "경상북도", "district": "영양군"}, {"name": "영주시", "city": "경상북도", "district": "영주시"}, {"name": "영천시", "city": "경상북도", "district": "영천시"}, {"name": "예천군", "city": "경상북도", "district": "예천군"}, {"name": "울릉군", "city": "경상북도", "district": "울릉군"}, {"name": "울진군", "city": "경상북도", "district": "울진군"}, {"name": "의성군", "city": "경상북도", "district": "의성군"}, {"name": "청도군", "city": "경상북도", "district": "청도군"}, {"name": "청송군", "city": "경상북도", "district": "청송군"}, {"name": "칠곡군", "city": "경상북도", "district": "칠곡군"}, {"name": "포항시", "city": "경상북도", "district": "포항시"}, {"name": "포항시 남구", "city": "경상북도", "district": "포항시 남구"}, {"name": "포항시 북구", "city": "경상북도", "district": "포항시 북구"}, {"name": "광산구", "city": "광주광역시", "district": "광산구"}, {"name": "광주광역시", "city": "광주광역시", "district": "광주광역시"}, {"name": "남구", "city": "광주광역시", "district": "남구"}, {"name": "동구", "city": "광주광역시", "district": "동구"}, {"name": "북구", "city": "광주광역시", "district": "북구"}, {"name": "서구", "city": "광주광역시", "district": "서구"}, {"name": "군위군", "city": "대구광역시", "district": "군위군"}, {"name": "남구", "city": "대구광역시", "district": "남구"}, {"name": "달서구", "city": "대구광역시", "district": "달서구"}, {"name": "달성군", "city": "대구광역시", "district": "달성군"}, {"name": "대구광역시", "city": "대구광역시", "district": "대구광역시"}, {"name": "동구", "city": "대구광역시", "district": "동구"}, {"name": "북구", "city": "대구광역시", "district": "북구"}, {"name": "서구", "city": "대구광역시", "district": "서구"}, {"name": "수성구", "city": "대구광역시", "district": "수성구"}, {"name": "중구", "city": "대구광역시", "district": "중구"}, {"name": "대덕구", "city": "대전광역시", "district": "대덕구"}, {"name": "대전광역시", "city": "대전광역시", "district": "대전광역시"}, {"name": "동구", "city": "대전광역시", "district": "동구"}, {"name": "서구", "city": "대전광역시", "district": "서구"}, {"name": "유성구", "city": "대전광역시", "district": "유성구"}, {"name": "중구", "city": "대전광역시", "district": "중구"}, {"name": "동해출장소", "city": "동해출장소", "district": "동해출장소"}, {"name": "강서구", "city": "부산광역시", "district": "강서구"}, {"name": "금정구", "city": "부산광역시", "district": "금정구"}, {"name": "기장군", "city": "부산광역시", "district": "기장군"}, {"name": "남구", "city": "부산광역시", "district": "남구"}, {"name": "동구", "city": "부산광역시", "district": "동구"}, {"name": "동래구", "city": "부산광역시", "district": "동래구"}, {"name": "부산광역시", "city": "부산광역시", "district": "부산광역시"}, {"name": "부산진구", "city": "부산광역시", "district": "부산진구"}, {"name": "북구", "city": "부산광역시", "district": "북구"}, {"name": "사상구", "city": "부산광역시", "district": "사상구"}, {"name": "사하구", "city": "부산광역시", "district": "사하구"}, {"name": "서구", "city": "부산광역시", "district": "서구"}, {"name": "수영구", "city": "부산광역시", "district": "수영구"}, {"name": "연제구", "city": "부산광역시", "district": "연제구"}, {"name": "영도구", "city": "부산광역시", "district": "영도구"}, {"name": "중구", "city": "부산광역시", "district": "중구"}, {"name": "해운대구", "city": "부산광역시", "district": "해운대구"}, {"name": "북부출장소", "city": "북부출장소", "district": "북부출장소"}, {"name": "강남구", "city": "서울특별시", "district": "강남구"}, {"name": "강동구", "city": "서울특별시", "district": "강동구"}, {"name": "강북구", "city": "서울특별시", "district": "강북구"}, {"name": "강서구", "city": "서울특별시", "district": "강서구"}, {"name": "관악구", "city": "서울특별시", "district": "관악구"}, {"name": "광진구", "city": "서울특별시", "district": "광진구"}, {"name": "구로구", "city": "서울특별시", "district": "구로구"}, {"name": "금천구", "city": "서울특별시", "district": "금천구"}, {"name": "노원구", "city": "서울특별시", "district": "노원구"}, {"name": "도봉구", "city": "서울특별시", "district": "도봉구"}, {"name": "동대문구", "city": "서울특별시", "district": "동대문구"}, {"name": "동작구", "city": "서울특별시", "district": "동작구"}, {"name": "마포구", "city": "서울특별시", "district": "마포구"}, {"name": "서대문구", "city": "서울특별시", "district": "서대문구"}, {"name": "서울특별시", "city": "서울특별시", "district": "서울특별시"}, {"name": "서초구", "city": "서울특별시", "district": "서초구"}, {"name": "성동구", "city": "서울특별시", "district": "성동구"}, {"name": "성북구", "city": "서울특별시", "district": "성북구"}, {"name": "송파구", "city": "서울특별시", "district": "송파구"}, {"name": "양천구", "city": "서울특별시", "district": "양천구"}, {"name": "영등포구", "city": "서울특별시", "district": "영등포구"}, {"name": "용산구", "city": "서울특별시", "district": "용산구"}, {"name": "은평구", "city": "서울특별시", "district": "은평구"}, {"name": "종로구", "city": "서울특별시", "district": "종로구"}, {"name": "중구", "city": "서울특별시", "district": "중구"}, {"name": "중랑구", "city": "서울특별시", "district": "중랑구"}, {"name": "세종특별자치시", "city": "세종특별자치시", "district": "세종특별자치시"}, {"name": "남구", "city": "울산광역시", "district": "남구"}, {"name": "동구", "city": "울산광역시", "district": "동구"}, {"name": "북구", "city": "울산광역시", "district": "북구"}, {"name": "울산광역시", "city": "울산광역시", "district": "울산광역시"}, {"name": "울주군", "city": "울산광역시", "district": "울주군"}, {"name": "중구", "city": "울산광역시", "district": "중구"}, {"name": "강화군", "city": "인천광역시", "district": "강화군"}, {"name": "계양구", "city": "인천광역시", "district": "계양구"}, {"name": "남동구", "city": "인천광역시", "district": "남동구"}, {"name": "동구", "city": "인천광역시", "district": "동구"}, {"name": "미추홀구", "city": "인천광역시", "district": "미추홀구"}, {"name": "부평구", "city": "인천광역시", "district": "부평구"}, {"name": "서구", "city": "인천광역시", "district": "서구"}, {"name": "서구검단출장", "city": "인천광역시", "district": "서구검단출장"}, {"name": "연수구", "city": "인천광역시", "district": "연수구"}, {"name": "옹진군", "city": "인천광역시", "district": "옹진군"}, {"name": "인천광역시", "city": "인천광역시", "district": "인천광역시"}, {"name": "중구", "city": "인천광역시", "district": "중구"}, {"name": "중구영종출장", "city": "인천광역시", "district": "중구영종출장"}, {"name": "중구용유출장", "city": "인천광역시", "district": "중구용유출장"}, {"name": "강진군", "city": "전라남도", "district": "강진군"}, {"name": "고흥군", "city": "전라남도", "district": "고흥군"}, {"name": "곡성군", "city": "전라남도", "district": "곡성군"}, {"name": "광양시", "city": "전라남도", "district": "광양시"}, {"name": "구례군", "city": "전라남도", "district": "구례군"}, {"name": "나주시", "city": "전라남도", "district": "나주시"}, {"name": "담양군", "city": "전라남도", "district": "담양군"}, {"name": "목포시", "city": "전라남도", "district": "목포시"}, {"name": "무안군", "city": "전라남도", "district": "무안군"}, {"name": "보성군", "city": "전라남도", "district": "보성군"}, {"name": "순천시", "city": "전라남도", "district": "순천시"}, {"name": "신안군", "city": "전라남도", "district": "신안군"}, {"name": "여수시", "city": "전라남도", "district": "여수시"}, {"name": "영광군", "city": "전라남도", "district": "영광군"}, {"name": "영암군", "city": "전라남도", "district": "영암군"}, {"name": "완도군", "city": "전라남도", "district": "완도군"}, {"name": "장성군", "city": "전라남도", "district": "장성군"}, {"name": "장흥군", "city": "전라남도", "district": "장흥군"}, {"name": "전라남도", "city": "전라남도", "district": "전라남도"}, {"name": "진도군", "city": "전라남도", "district": "진도군"}, {"name": "함평군", "city": "전라남도", "district": "함평군"}, {"name": "해남군", "city": "전라남도", "district": "해남군"}, {"name": "화순군", "city": "전라남도", "district": "화순군"}, {"name": "고창군", "city": "전북특별자치도", "district": "고창군"}, {"name": "군산시", "city": "전북특별자치도", "district": "군산시"}, {"name": "김제시", "city": "전북특별자치도", "district": "김제시"}, {"name": "남원시", "city": "전북특별자치도", "district": "남원시"}, {"name": "무주군", "city": "전북특별자치도", "district": "무주군"}, {"name": "부안군", "city": "전북특별자치도", "district": "부안군"}, {"name": "순창군", "city": "전북특별자치도", "district": "순창군"}, {"name": "완주군", "city": "전북특별자치도", "district": "완주군"}, {"name": "익산시", "city": "전북특별자치도", "district": "익산시"}, {"name": "임실군", "city": "전북특별자치도", "district": "임실군"}, {"name": "장수군", "city": "전북특별자치도", "district": "장수군"}, {"name": "전북특별자치도", "city": "전북특별자치도", "district": "전북특별자치도"}, {"name": "전주시", "city": "전북특별자치도", "district": "전주시"}, {"name": "전주시 덕진구", "city": "전북특별자치도", "district": "전주시 덕진구"}, {"name": "전주시 완산구", "city": "전북특별자치도", "district": "전주시 완산구"}, {"name": "정읍시", "city": "전북특별자치도", "district": "정읍시"}, {"name": "진안군", "city": "전북특별자치도", "district": "진안군"}, {"name": "서귀포시", "city": "제주특별자치도", "district": "서귀포시"}, {"name": "제주시", "city": "제주특별자치도", "district": "제주시"}, {"name": "제주특별자치도", "city": "제주특별자치도", "district": "제주특별자치도"}, {"name": "계룡시", "city": "충청남도", "district": "계룡시"}, {"name": "공주시", "city": "충청남도", "district": "공주시"}, {"name": "금산군", "city": "충청남도", "district": "금산군"}, {"name": "논산시", "city": "충청남도", "district": "논산시"}, {"name": "당진시", "city": "충청남도", "district": "당진시"}, {"name": "보령시", "city": "충청남도", "district": "보령시"}, {"name": "부여군", "city": "충청남도", "district": "부여군"}, {"name": "서산시", "city": "충청남도", "district": "서산시"}, {"name": "서천군", "city": "충청남도", "district": "서천군"}, {"name": "아산시", "city": "충청남도", "district": "아산시"}, {"name": "예산군", "city": "충청남도", "district": "예산군"}, {"name": "천안시", "city": "충청남도", "district": "천안시"}, {"name": "천안시 동남구", "city": "충청남도", "district": "천안시 동남구"}, {"name": "천안시 서북구", "city": "충청남도", "district": "천안시 서북구"}, {"name": "청양군", "city": "충청남도", "district": "청양군"}, {"name": "충청남도", "city": "충청남도", "district": "충청남도"}, {"name": "태안군", "city": "충청남도", "district": "태안군"}, {"name": "홍성군", "city": "충청남도", "district": "홍성군"}, {"name": "괴산군", "city": "충청북도", "district": "괴산군"}, {"name": "단양군", "city": "충청북도", "district": "단양군"}, {"name": "보은군", "city": "충청북도", "district": "보은군"}, {"name": "영동군", "city": "충청북도", "district": "영동군"}, {"name": "옥천군", "city": "충청북도", "district": "옥천군"}, {"name": "음성군", "city": "충청북도", "district": "음성군"}, {"name": "제천시", "city": "충청북도", "district": "제천시"}, {"name": "증평군", "city": "충청북도", "district": "증평군"}, {"name": "진천군", "city": "충청북도", "district": "진천군"}, {"name": "청주시", "city": "충청북도", "district": "청주시"}, {"name": "청주시 상당구", "city": "충청북도", "district": "청주시 상당구"}, {"name": "청주시 서원구", "city": "충청북도", "district": "청주시 서원구"}, {"name": "청주시 청원구", "city": "충청북도", "district": "청주시 청원구"}, {"name": "청주시 흥덕구", "city": "충청북도", "district": "청주시 흥덕구"}, {"name": "충주시", "city": "충청북도", "district": "충주시"}, {"name": "충청북도", "city": "충청북도", "district": "충청북도"}]